{
  "params": {
    "logistic": {
      "C": 0.2359957768164969
    },
    "cart": {
      "max_depth": 20,
      "min_samples_leaf": 3,
      "min_samples_split": 19
    },
    "c50": {
      "max_depth": 4,
      "min_samples_leaf": 6,
      "min_samples_split": 8
    },
    "gradient_boosting": {
      "n_estimators": 208,
      "max_depth": 6,
      "learning_rate": 0.03639245828089606,
      "subsample": 0.6391916797480771,
      "min_samples_leaf": 1
    },
    "random_forest": {
      "n_estimators": 399,
      "max_depth": 5,
      "min_samples_leaf": 2
    },
    "extra_trees": {
      "n_estimators": 206,
      "max_depth": 17,
      "min_samples_leaf": 3
    },
    "hist_gradient_boosting": {
      "max_iter": 203,
      "max_depth": 3,
      "learning_rate": 0.018951040938117617,
      "min_samples_leaf": 16
    },
    "xgboost": {
      "n_estimators": 325,
      "max_depth": 4,
      "learning_rate": 0.005292705365436975,
      "subsample": 0.6831809216468459,
      "colsample_bytree": 0.728034992108518
    },
    "catboost": {
      "iterations": 772,
      "depth": 4,
      "learning_rate": 0.007054295502178475,
      "l2_leaf_reg": 0.0940007108437062
    },
    "lightgbm": {
      "n_estimators": 496,
      "max_depth": 3,
      "learning_rate": 0.010457324132903519,
      "num_leaves": 64,
      "subsample": 0.8361801562852433,
      "colsample_bytree": 0.8336228052393175
    },
    "mlp": {
      "hidden_sizes": [
        64,
        32
      ],
      "dropout": 0.12716418363275367,
      "lr": 0.00040362658335275025,
      "epochs": 130,
      "batch_size": 64
    },
    "tab_cnn": {
      "n_filters": 32,
      "kernel_size": 4,
      "n_layers": 4,
      "dropout": 0.3515992629097305,
      "lr": 0.005490065222391832,
      "epochs": 103,
      "batch_size": 16
    },
    "ft_transformer": {
      "d_token": 32,
      "n_heads": 8,
      "n_layers": 1,
      "dropout": 0.2511877273784532,
      "lr": 0.0008646099784991162,
      "epochs": 123,
      "batch_size": 16
    },
    "saint": {
      "d_token": 64,
      "n_heads": 2,
      "n_layers": 1,
      "dropout": 0.38280002243765443,
      "lr": 0.0014408545189494562,
      "epochs": 142,
      "batch_size": 32
    },
    "deep_gbm": {
      "n_estimators": 99,
      "max_depth": 2,
      "hidden_size": 64,
      "dropout": 0.34096418396145073,
      "lr": 0.0005245369212849901,
      "batch_size": 32
    },
    "tabnet": {
      "n_d": 36,
      "n_steps": 3,
      "gamma": 1.5168449341087453,
      "lambda_sparse": 0.00032335479575502116,
      "max_epochs": 126,
      "batch_size": 256
    }
  },
  "scores": {
    "logistic": 0.8416763723550167,
    "cart": 0.821373514735552,
    "c50": 0.8365219215403211,
    "gradient_boosting": 0.8533900187884857,
    "random_forest": 0.8412187212087711,
    "extra_trees": 0.835679759265125,
    "hist_gradient_boosting": 0.8661940401940402,
    "xgboost": 0.8441389330625435,
    "catboost": 0.858694856960853,
    "lightgbm": 0.8542924032190031,
    "mlp": 0.8505777455502515,
    "tab_cnn": 0.8277717587576744,
    "ft_transformer": 0.8484122740005093,
    "saint": 0.8275039487048694,
    "deep_gbm": 0.8638255873437757,
    "tabnet": 0.8138585939767374
  }
}